{
	"format_version": "1.8.0",
	"animations": {
		"animation.crab.walking": {
			"loop": true,
			"animation_length": 0.5,
			"override_previous_animation": true,
			"bones": {
				"clawL1": {
					"rotation": {
						"0.0": {
							"vector": [-15, 0, 0]
						},
						"0.0417": [-13.18533, 0, 0],
						"0.0833": [-7.78237, 0, 0],
						"0.1667": [7.98567, 0, 0],
						"0.2083": [13.3042, 0, 0],
						"0.25": {
							"vector": [15, 0, 0]
						},
						"0.2917": [13.10185, 0, 0],
						"0.3333": [7.70818, 0, 0],
						"0.4167": [-7.91148, 0, 0],
						"0.4583": [-13.22073, 0, 0],
						"0.5": {
							"vector": [-15, 0, 0]
						}
					}
				},
				"clawL2": {
					"rotation": {
						"0.0": {
							"vector": [10, 0, 0]
						},
						"0.0417": [8.80202, 0, 0],
						"0.0833": [5.23128, 0, 0],
						"0.1667": [-5.23128, 0, 0],
						"0.2083": [-8.80202, 0, 0],
						"0.25": {
							"vector": [-10, 0, 0]
						},
						"0.2917": [-8.80202, 0, 0],
						"0.3333": [-5.23128, 0, 0],
						"0.4167": [5.23128, 0, 0],
						"0.4583": [8.80202, 0, 0],
						"0.5": {
							"vector": [10, 0, 0]
						}
					}
				},
				"clawL3": {
					"rotation": {
						"0.0": {
							"vector": [-10, 7, 0]
						},
						"0.0417": [-8.80202, 6.16141, 0],
						"0.0833": [-5.23128, 3.6619, 0],
						"0.1667": [5.23128, -3.6619, 0],
						"0.2083": [8.80202, -6.16141, 0],
						"0.25": {
							"vector": [10, -7, 0]
						},
						"0.2917": [8.80202, -6.16141, 0],
						"0.3333": [5.23128, -3.6619, 0],
						"0.4167": [-5.23128, 3.6619, 0],
						"0.4583": [-8.80202, 6.16141, 0],
						"0.5": {
							"vector": [-10, 7, 0]
						}
					}
				},
				"clawL4": {
					"rotation": {
						"0.0": {
							"vector": [10, -5, 0]
						},
						"0.0417": [8.80202, -4.40101, 0],
						"0.0833": [5.23128, -2.61564, 0],
						"0.1667": [-5.23128, 2.61564, 0],
						"0.2083": [-8.80202, 4.40101, 0],
						"0.25": {
							"vector": [-10, 5, 0]
						},
						"0.2917": [-8.80202, 4.40101, 0],
						"0.3333": [-5.23128, 2.61564, 0],
						"0.4167": [5.23128, -2.61564, 0],
						"0.4583": [8.80202, -4.40101, 0],
						"0.5": {
							"vector": [10, -5, 0]
						}
					}
				},
				"clawR1": {
					"rotation": {
						"0.0": {
							"vector": [-15, 0, 0]
						},
						"0.0417": [-13.20303, 0, 0],
						"0.0833": [-7.84692, 0, 0],
						"0.1667": [7.84692, 0, 0],
						"0.2083": [13.20303, 0, 0],
						"0.25": {
							"vector": [15, 0, 0]
						},
						"0.2917": [13.20303, 0, 0],
						"0.3333": [7.84692, 0, 0],
						"0.4167": [-7.84692, 0, 0],
						"0.4583": [-13.20303, 0, 0],
						"0.5": {
							"vector": [-15, 0, 0]
						}
					}
				},
				"clawR2": {
					"rotation": {
						"0.0": {
							"vector": [10, 0, 0]
						},
						"0.0417": [8.80202, 0, 0],
						"0.0833": [5.23128, 0, 0],
						"0.1667": [-5.23128, 0, 0],
						"0.2083": [-8.80202, 0, 0],
						"0.25": {
							"vector": [-10, 0, 0]
						},
						"0.2917": [-8.80202, 0, 0],
						"0.3333": [-5.23128, 0, 0],
						"0.4167": [5.23128, 0, 0],
						"0.4583": [8.80202, 0, 0],
						"0.5": {
							"vector": [10, 0, 0]
						}
					}
				},
				"clawR3": {
					"rotation": {
						"0.0": {
							"vector": [-10, -7, 0]
						},
						"0.0417": [-8.80202, -6.16141, 0],
						"0.0833": [-5.23128, -3.6619, 0],
						"0.1667": [5.23128, 3.6619, 0],
						"0.2083": [8.80202, 6.16141, 0],
						"0.25": {
							"vector": [10, 7, 0]
						},
						"0.2917": [8.80202, 6.16141, 0],
						"0.3333": [5.23128, 3.6619, 0],
						"0.4167": [-5.23128, -3.6619, 0],
						"0.4583": [-8.80202, -6.16141, 0],
						"0.5": {
							"vector": [-10, -7, 0]
						}
					}
				},
				"clawR4": {
					"rotation": {
						"0.0": {
							"vector": [10, -5, 0]
						},
						"0.0417": [8.80202, -4.40101, 0],
						"0.0833": [5.23128, -2.61564, 0],
						"0.1667": [-5.23128, 2.61564, 0],
						"0.2083": [-8.80202, 4.40101, 0],
						"0.25": {
							"vector": [-10, 5, 0]
						},
						"0.2917": [-8.80202, 4.40101, 0],
						"0.3333": [-5.23128, 2.61564, 0],
						"0.4167": [5.23128, -2.61564, 0],
						"0.4583": [8.80202, -4.40101, 0],
						"0.5": {
							"vector": [10, -5, 0]
						}
					}
				}
			},
			"particle_effects": {}
		},
		"animation.crab.rest": {
			"loop": true,
			"animation_length": 7,
			"bones": {
				"pawL": {
					"rotation": {
						"0.0": {
							"post": {
								"vector": [0, 0, 0]
							},
							"lerp_mode": "catmullrom"
						},
						"1.75": {
							"post": {
								"vector": [3, 5, 0]
							},
							"lerp_mode": "catmullrom"
						},
						"3.5": {
							"post": {
								"vector": [0, 0, 0]
							},
							"lerp_mode": "catmullrom"
						},
						"5.25": {
							"post": {
								"vector": [3, -5, 0]
							},
							"lerp_mode": "catmullrom"
						},
						"7.0": {
							"post": {
								"vector": [0, 0, 0]
							},
							"lerp_mode": "catmullrom"
						}
					}
				},
				"pawR": {
					"rotation": {
						"0.0": {
							"post": {
								"vector": [0, 0, 0]
							},
							"lerp_mode": "catmullrom"
						},
						"1.75": {
							"post": {
								"vector": [3, 5, 0]
							},
							"lerp_mode": "catmullrom"
						},
						"3.5": {
							"post": {
								"vector": [0, 0, 0]
							},
							"lerp_mode": "catmullrom"
						},
						"5.25": {
							"post": {
								"vector": [3, -5, 0]
							},
							"lerp_mode": "catmullrom"
						},
						"7.0": {
							"post": {
								"vector": [0, 0, 0]
							},
							"lerp_mode": "catmullrom"
						}
					}
				}
			}
		},
		"animation.crab.digging": {
			"loop": true,
			"animation_length": 0.25,
			"bones": {
				"pawL": {
					"rotation": {
						"0.0": {
							"post": {
								"vector": [15, -65, 0]
							},
							"lerp_mode": "catmullrom"
						},
						"0.125": {
							"post": {
								"vector": [0, 0, 0]
							},
							"lerp_mode": "catmullrom"
						},
						"0.25": {
							"post": {
								"vector": [15, -65, 0]
							},
							"lerp_mode": "catmullrom"
						}
					},
					"position": {
						"0.0": {
							"post": {
								"vector": [-0.6, 0, -0.6]
							},
							"lerp_mode": "catmullrom"
						}
					}
				},
				"pawR": {
					"rotation": {
						"0.0": {
							"post": {
								"vector": [-15, 65, 0]
							},
							"lerp_mode": "catmullrom"
						},
						"0.125": {
							"post": {
								"vector": [0, 0, 0]
							},
							"lerp_mode": "catmullrom"
						},
						"0.25": {
							"post": {
								"vector": [-15, 50, 0]
							},
							"lerp_mode": "catmullrom"
						}
					},
					"position": {
						"0.0": {
							"post": {
								"vector": [-0.6, 0, 0.6]
							},
							"lerp_mode": "catmullrom"
						}
					}
				}
			}
		}
	},
	"geckolib_format_version": 2
}