{
	"format_version": "1.8.0",
	"animations": {
		"drifters_walking.new": {
			"loop": true,
			"animation_length": 4.125,
			"bones": {
				"RightLeg": {
					"rotation": {
						"0.0": [0, 0, 0],
						"0.2083": [20, 0, 0],
						"0.4167": [0, 0, 0],
						"0.625": [-20, 0, 0],
						"0.8333": [0, 0, 0],
						"1.0417": [20, 0, 0],
						"1.25": [0, 0, 0],
						"1.4583": [-20, 0, 0],
						"1.6667": [0, 0, 0],
						"1.875": [20, 0, 0],
						"2.0833": [0, 0, 0],
						"2.2917": [-20, 0, 0],
						"2.5": [0, 0, 0],
						"2.7083": [20, 0, 0],
						"2.9167": [0, 0, 0],
						"3.125": [-20, 0, 0],
						"3.3333": [0, 0, 0],
						"3.5": [20, 0, 0],
						"3.7083": [0, 0, 0],
						"3.9167": [-20, 0, 0],
						"4.125": [0, 0, 0]
					}
				},
				"LeftLeg": {
					"rotation": {
						"0.0": [0, 0, 0],
						"0.2083": [-20, 0, 0],
						"0.4167": [0, 0, 0],
						"0.625": [20, 0, 0],
						"0.8333": [0, 0, 0],
						"1.0417": [-20, 0, 0],
						"1.25": [0, 0, 0],
						"1.4583": [20, 0, 0],
						"1.6667": [0, 0, 0],
						"1.875": [-20, 0, 0],
						"2.0833": [0, 0, 0],
						"2.2917": [20, 0, 0],
						"2.5": [0, 0, 0],
						"2.7083": [-20, 0, 0],
						"2.9167": [0, 0, 0],
						"3.125": [20, 0, 0],
						"3.3333": [0, 0, 0],
						"3.5": [-20, 0, 0],
						"3.7083": [0, 0, 0],
						"3.9167": [20, 0, 0],
						"4.125": [0, 0, 0]
					}
				}
			}
		},
		"drifters_alert_0.new": {
			"loop": true,
			"animation_length": 2,
			"bones": {
				"arms": {
					"scale": 0
				},
				"rightarms": {
					"relative_to": {
						"rotation": "entity"
					},
					"rotation": {
						"0.0": [-40, 0, 10],
						"1.0": [-45, 0, 7.5],
						"2.0": [-40, 0, 10]
					},
					"position": [-5, 0, 0]
				},
				"leftarms": {
					"rotation": {
						"0.0": [0, 0, -7.5],
						"1.0": [10, 0, -7.5],
						"2.0": [0, 0, -7.5]
					},
					"position": [5, 0, 0]
				}
			}
		},
		"drifters_alert_1.new": {
			"loop": true,
			"animation_length": 4.04167,
			"bones": {
				"arms": {
					"scale": 0
				},
				"rightarms": {
					"rotation": {
						"0.0": [-40, -35, 0],
						"2.0": [-55, -35, 0],
						"4.0": [-40, -35, 0]
					},
					"position": [-4.2, -1, -1.6]
				},
				"leftarms": {
					"rotation": {
						"0.0": [-57.5, 35, 0],
						"2.0": [-66.5, 35, 0],
						"4.0": [-57.5, 35, 0]
					},
					"position": [4.5, -1, -0.6]
				}
			}
		},
		"drifters_fight.new": {
			"animation_length": 0.41667,
			"bones": {
				"arms": {
					"scale": 0
				},
				"rightarms": {
					"rotation": {
						"0.0": [-40, -35, 0],
						"0.25": [-115, -10, -25],
						"0.3333": [-27.5, -10, -25],
						"0.4167": [-40, -35, 0]
					},
					"position": {
						"0.0": [-4.2, -1, -1.6],
						"0.25": [-5, 0, -2],
						"0.4167": [-4.2, -1, -1.6]
					}
				},
				"leftarms": {
					"rotation": {
						"0.0": [-57.5, 35, 0],
						"0.25": [-127.5, 45, -20],
						"0.3333": [-60.83, 60, -29.17],
						"0.4167": [-57.5, 35, 0]
					},
					"position": {
						"0.0": [4.5, -1, -0.6],
						"0.25": [2.5, 0, -3.6],
						"0.3333": [4.3, -0.4, -0.4],
						"0.4167": [4.5, -1, -0.6]
					}
				},
				"body_1": {
					"rotation": {
						"0.0": [0, 0, 0],
						"0.25": [0, 22.5, 0],
						"0.3333": [0, -5, 0],
						"0.375": [0, 0, 0]
					}
				}
			}
		}
	}
}